,mean_fit_time,std_fit_time,mean_score_time,std_score_time,param_n_neighbors,params,split0_test_accuracy,split1_test_accuracy,split2_test_accuracy,split3_test_accuracy,split4_test_accuracy,mean_test_accuracy,std_test_accuracy,rank_test_accuracy,split0_train_accuracy,split1_train_accuracy,split2_train_accuracy,split3_train_accuracy,split4_train_accuracy,mean_train_accuracy,std_train_accuracy,split0_test_f1,split1_test_f1,split2_test_f1,split3_test_f1,split4_test_f1,mean_test_f1,std_test_f1,rank_test_f1,split0_train_f1,split1_train_f1,split2_train_f1,split3_train_f1,split4_train_f1,mean_train_f1,std_train_f1,split0_test_precision,split1_test_precision,split2_test_precision,split3_test_precision,split4_test_precision,mean_test_precision,std_test_precision,rank_test_precision,split0_train_precision,split1_train_precision,split2_train_precision,split3_train_precision,split4_train_precision,mean_train_precision,std_train_precision,split0_test_recall,split1_test_recall,split2_test_recall,split3_test_recall,split4_test_recall,mean_test_recall,std_test_recall,rank_test_recall,split0_train_recall,split1_train_recall,split2_train_recall,split3_train_recall,split4_train_recall,mean_train_recall,std_train_recall,split0_test_roc_auc,split1_test_roc_auc,split2_test_roc_auc,split3_test_roc_auc,split4_test_roc_auc,mean_test_roc_auc,std_test_roc_auc,rank_test_roc_auc,split0_train_roc_auc,split1_train_roc_auc,split2_train_roc_auc,split3_train_roc_auc,split4_train_roc_auc,mean_train_roc_auc,std_train_roc_auc
0,0.0007710456848144531,0.00017774011527262395,0.009758901596069337,0.0011047101170008232,1,{'n_neighbors': 1},0.7486033519553073,0.7359550561797753,0.7921348314606742,0.7191011235955056,0.7752808988764045,0.7542150524135333,0.02638024325781882,50,0.9691011235955056,0.9733520336605891,0.9845722300140253,0.9831697054698457,0.9817671809256662,0.9783924547331264,0.0060685286997081605,0.6808510638297872,0.6713286713286714,0.717557251908397,0.6212121212121211,0.7297297297297297,0.6841357676017413,0.03828838274090879,16,0.9600000000000001,0.9660107334525938,0.979890310786106,0.9781818181818182,0.9762340036563071,0.9720633732153651,0.007723339954317283,0.6666666666666666,0.64,0.746031746031746,0.640625,0.6835443037974683,0.6753735432991762,0.03897153183585308,50,0.9530685920577617,0.9473684210526315,0.9816849816849816,0.9746376811594203,0.9744525547445255,0.9662424461398642,0.013462072743572194,0.6956521739130435,0.7058823529411765,0.6911764705882353,0.6029411764705882,0.782608695652174,0.6956521739130435,0.057063918903177635,3,0.967032967032967,0.9854014598540146,0.9781021897810219,0.9817518248175182,0.978021978021978,0.9780620839014998,0.006150207529223571,0.7387351778656127,0.7302139037433156,0.7728609625668449,0.6969251336898395,0.7766254487435181,0.7430721253218262,0.029417301538834425,50,0.9687101053843652,0.9756164474668706,0.9833563340704654,0.9829032472606953,0.9810564435564436,0.978328515547768,0.005541080181874867
1,0.0006812095642089843,6.382183475560825e-05,0.009218454360961914,0.0005291076726745905,3,{'n_neighbors': 3},0.7653631284916201,0.7528089887640449,0.8370786516853933,0.7808988764044944,0.797752808988764,0.7867804908668633,0.029317764244952655,14,0.8820224719101124,0.8976157082748948,0.8709677419354839,0.8934081346423562,0.8639551192145862,0.8815938351954868,0.01281015204633606,0.6865671641791045,0.6857142857142857,0.7851851851851852,0.6829268292682927,0.7428571428571428,0.7166501214408022,0.040946632629858,10,0.8438661710037174,0.8650646950092421,0.8315018315018315,0.8587360594795539,0.8159392789373814,0.8430216071863452,0.017886937998948995,0.7076923076923077,0.6666666666666666,0.7910447761194029,0.7636363636363637,0.7323943661971831,0.7322868960623847,0.043234702309226006,49,0.8566037735849057,0.8764044943820225,0.8345588235294118,0.875,0.8464566929133859,0.8578047568819451,0.01620012935198667,0.6666666666666666,0.7058823529411765,0.7794117647058824,0.6176470588235294,0.7536231884057971,0.7046462063086103,0.058312020460358056,2,0.8315018315018315,0.8540145985401459,0.8284671532846716,0.843065693430657,0.7875457875457875,0.8289190128606186,0.02257669547967882,0.8048089591567852,0.7859625668449198,0.8572860962566844,0.8354946524064173,0.8675708017550857,0.8302246152839785,0.03085423535283295,28,0.9532737573739851,0.9628759789169147,0.9466355186804781,0.9551693463911013,0.947144522144522,0.9530198247014002,0.0059515921352247605
2,0.0007110118865966796,0.0001358805527345027,0.009307861328125,0.00019730176783033896,5,{'n_neighbors': 5},0.770949720670391,0.7696629213483146,0.8258426966292135,0.797752808988764,0.7865168539325843,0.7901450003138535,0.02065595333342387,13,0.8553370786516854,0.8625525946704067,0.8401122019635343,0.8583450210378681,0.8611500701262272,0.8554993932899443,0.00808167555224231,0.7007299270072992,0.7050359712230215,0.7669172932330828,0.7142857142857142,0.7285714285714284,0.7231080668641093,0.023892728289260118,3,0.8052930056710776,0.8129770992366412,0.7807692307692308,0.8097928436911489,0.8070175438596491,0.8031699446455495,0.011499099642501816,0.7058823529411765,0.6901408450704225,0.7846153846153846,0.7758620689655172,0.7183098591549296,0.7349621021494861,0.038131692441081604,48,0.83203125,0.852,0.8252032520325203,0.8365758754863813,0.8625,0.8416620755037802,0.013642630836895401,0.6956521739130435,0.7205882352941176,0.75,0.6617647058823529,0.7391304347826086,0.7134271099744245,0.03173159704591272,1,0.7802197802197802,0.7773722627737226,0.7408759124087592,0.7846715328467153,0.7582417582417582,0.7682762492981471,0.01640524420467133,0.8536890645586297,0.8237967914438502,0.8709893048128343,0.8564171122994652,0.8826618800691397,0.8575108306367838,0.019832715941713326,9,0.9349337071432743,0.94481070116223,0.9322365030011805,0.9397934921769782,0.9346819846819847,0.9372912776331294,0.004488209057803845
3,0.0005817890167236328,2.1688176902091886e-05,0.009395885467529296,7.066372747991601e-05,7,{'n_neighbors': 7},0.7988826815642458,0.7808988764044944,0.8202247191011236,0.7752808988764045,0.8146067415730337,0.7979787835038603,0.01777135259306735,11,0.8441011235955056,0.8597475455820477,0.8345021037868162,0.8625525946704067,0.847124824684432,0.8496056384638416,0.010344591202101537,0.7230769230769231,0.7111111111111111,0.7538461538461538,0.6774193548387097,0.7518796992481203,0.7234666484242037,0.02829621968212352,2,0.7885714285714285,0.8069498069498069,0.76953125,0.8100775193798451,0.783300198807157,0.7916860407416475,0.015113483728670581,0.7704918032786885,0.7164179104477612,0.7903225806451613,0.75,0.78125,0.7616964588743222,0.026329101766672712,44,0.8214285714285714,0.8565573770491803,0.8277310924369747,0.8636363636363636,0.8565217391304348,0.8451750287363049,0.017130742683603067,0.6811594202898551,0.7058823529411765,0.7205882352941176,0.6176470588235294,0.7246376811594203,0.6899829497016199,0.03924477219297348,4,0.7582417582417582,0.7627737226277372,0.718978102189781,0.7627737226277372,0.7216117216117216,0.7448758054597471,0.020155536230140828,0.8666007905138339,0.829879679144385,0.875,0.8542112299465241,0.8966892700438772,0.864476193929724,0.022159580313962583,1,0.922876667751383,0.9316129890427814,0.9226343880418336,0.9293226144355952,0.9246545121545121,0.926220234285221,0.003610977228137417
4,0.0006710052490234375,0.00016536851517161304,0.010313272476196289,0.0007001387994204259,9,{'n_neighbors': 9},0.7932960893854749,0.7865168539325843,0.8202247191011236,0.7752808988764045,0.8202247191011236,0.7991086560793421,0.018176235370810916,9,0.8441011235955056,0.8415147265077139,0.8373071528751753,0.8513323983169705,0.8330995792426368,0.8414709961076005,0.006190071845733416,0.7131782945736433,0.7076923076923077,0.7419354838709677,0.6721311475409837,0.7538461538461538,0.7177566775048112,0.028604220298241948,9,0.7844660194174757,0.777120315581854,0.7689243027888446,0.792156862745098,0.7586206896551725,0.776257638037689,0.011711078838752786,0.7666666666666667,0.7419354838709677,0.8214285714285714,0.7592592592592593,0.8032786885245902,0.778513733950011,0.029339537926048303,34,0.8347107438016529,0.8454935622317596,0.8464912280701754,0.8559322033898306,0.85,0.8465255474986837,0.006945685755230296,0.6666666666666666,0.6764705882352942,0.6764705882352942,0.6029411764705882,0.7101449275362319,0.6665387894288151,0.035052672543702736,5,0.73992673992674,0.718978102189781,0.7043795620437956,0.7372262773722628,0.684981684981685,0.7170984733028529,0.020606067330487324,0.8550065876152833,0.829211229946524,0.8651069518716579,0.8588903743315508,0.8953596596197314,0.8607149606769495,0.021203511217572055,2,0.9168356320975911,0.9236444806544403,0.9133190895033504,0.9184526877608367,0.909536297036297,0.916357637410503,0.004764016314788732
5,0.0006126880645751954,3.4373113397722416e-05,0.01065077781677246,0.0003546620606446304,11,{'n_neighbors': 11},0.7821229050279329,0.7921348314606742,0.8314606741573034,0.7752808988764045,0.8370786516853933,0.8036155922415416,0.02565822774122992,6,0.8300561797752809,0.8345021037868162,0.8359046283309958,0.8415147265077139,0.8359046283309958,0.8355764533463604,0.003663499230396624,0.6929133858267716,0.7131782945736433,0.7540983606557378,0.6610169491525424,0.785185185185185,0.7212784350787761,0.04396101728884237,4,0.7613412228796845,0.7581967213114754,0.7673956262425448,0.7753479125248509,0.7636363636363636,0.7651835693189839,0.005902212895239935,0.7586206896551724,0.7540983606557377,0.8518518518518519,0.78,0.803030303030303,0.789520241038613,0.035687191978586066,29,0.8247863247863247,0.8644859813084113,0.8427947598253275,0.851528384279476,0.8513513513513513,0.8469893603101781,0.013086870599910068,0.6376811594202898,0.6764705882352942,0.6764705882352942,0.5735294117647058,0.7681159420289855,0.6664535379369139,0.06324345023717878,7,0.706959706959707,0.6751824817518248,0.7043795620437956,0.7116788321167883,0.6923076923076923,0.6981016550359616,0.013123074684629124,0.8474967061923583,0.8302807486631015,0.8653074866310162,0.8546122994652406,0.9021406727828746,0.8599675827469182,0.02396912195162115,3,0.9112994067435981,0.9170892705718038,0.9085429725820128,0.913040586601932,0.8993381618381618,0.9098620796675018,0.005948007965778332
6,0.0006680011749267579,0.00012383704280409822,0.01074976921081543,0.0004980447451885465,13,{'n_neighbors': 13},0.776536312849162,0.7808988764044944,0.8146067415730337,0.7921348314606742,0.8426966292134831,0.8013746783001695,0.024511910398438735,8,0.827247191011236,0.8316970546984572,0.82328190743338,0.8359046283309958,0.8274894810659187,0.8291240525079976,0.00431095443524289,0.6825396825396826,0.7022900763358779,0.7317073170731708,0.672566371681416,0.787878787878788,0.7153964471017871,0.04148612658804,12,0.7505070993914807,0.7590361445783133,0.7459677419354839,0.7636363636363636,0.7505070993914807,0.7539308897866245,0.006436089716200551,0.7543859649122807,0.7301587301587301,0.8181818181818182,0.8444444444444444,0.8253968253968254,0.7945135566188197,0.044178781693838313,26,0.8409090909090909,0.84375,0.8333333333333334,0.8552036199095022,0.8409090909090909,0.8428210270122035,0.007092516173279141,0.6231884057971014,0.6764705882352942,0.6617647058823529,0.5588235294117647,0.7536231884057971,0.6547740835464619,0.06402330282871906,12,0.6776556776556777,0.6897810218978102,0.6751824817518248,0.6897810218978102,0.6776556776556777,0.6820111761717602,0.006408007605196573,0.8452569169960473,0.8312165775401069,0.8609625668449199,0.8578208556149733,0.8993484908921686,0.8589210815776432,0.022777192631351306,5,0.905496174288885,0.9081314533694693,0.9041866883926641,0.9051926242455481,0.8928821178821179,0.903177811635737,0.005310216263944788
7,0.0005742549896240234,1.0618168896061178e-05,0.010031318664550782,0.0004109992380202624,15,{'n_neighbors': 15},0.7988826815642458,0.7865168539325843,0.8089887640449438,0.7921348314606742,0.8370786516853933,0.8047203565375683,0.017827618826796357,2,0.8216292134831461,0.8288920056100981,0.82328190743338,0.8330995792426368,0.8190743338008415,0.8251954079140205,0.005098775029867607,0.7096774193548386,0.7031250000000001,0.7258064516129031,0.6837606837606838,0.7786259541984734,0.7201991017853799,0.03217181535468211,6,0.7413441955193483,0.7550200803212853,0.7439024390243902,0.7595959595959597,0.7372708757637474,0.7474267100449462,0.008465321564075947,0.8,0.75,0.8035714285714286,0.8163265306122449,0.8225806451612904,0.7984957208689928,0.02560422606232641,23,0.8348623853211009,0.8392857142857143,0.8394495412844036,0.8506787330316742,0.8302752293577982,0.8389103206561384,0.006780527874893705,0.6376811594202898,0.6617647058823529,0.6617647058823529,0.5882352941176471,0.7391304347826086,0.6577152600170504,0.04876485938427752,9,0.6666666666666666,0.6861313868613139,0.6678832116788321,0.6861313868613139,0.663003663003663,0.6739632630143579,0.010064260040439275,0.8524374176548088,0.8298796791443851,0.8584893048128343,0.8619652406417113,0.8944954128440367,0.8594534110195552,0.020779848221843,4,0.8970729346583561,0.9029479739953112,0.8969206723974528,0.8973862294863908,0.8922327672327672,0.8973121155540555,0.0033993707611713188
8,0.0005538463592529297,2.4653910626812287e-05,0.009968709945678712,0.00024122632422278825,17,{'n_neighbors': 17},0.8212290502793296,0.7808988764044944,0.8033707865168539,0.7865168539325843,0.8314606741573034,0.8046952482581131,0.01943311691621291,4,0.8230337078651685,0.8302945301542777,0.8246844319775596,0.8316970546984572,0.8092566619915849,0.8237932773374095,0.0079676881571775,0.7377049180327868,0.6976744186046512,0.72,0.6724137931034482,0.7727272727272727,0.7201040804936317,0.0342241257580085,7,0.7428571428571428,0.7565392354124749,0.7474747474747475,0.7551020408163266,0.7224489795918367,0.7448844292305058,0.0122833475306473,0.8490566037735849,0.7377049180327869,0.7894736842105263,0.8125,0.8095238095238095,0.7996518031081414,0.03645374515099466,22,0.8387096774193549,0.8430493273542601,0.8371040723981901,0.8564814814814815,0.815668202764977,0.8382025522836527,0.013167165400314278,0.6521739130434783,0.6617647058823529,0.6617647058823529,0.5735294117647058,0.7391304347826086,0.6576726342710997,0.05249605926775006,10,0.6666666666666666,0.6861313868613139,0.6751824817518248,0.6751824817518248,0.6483516483516484,0.6703029330766557,0.012595564888027096,0.8579710144927536,0.8244652406417112,0.8487967914438502,0.8603609625668449,0.8990160882861322,0.8581220194862584,0.024071141110751922,8,0.8935267466019173,0.9017092595979581,0.889596461766124,0.8933791131137455,0.8886946386946387,0.8933812439548767,0.004597083101136609
9,0.0005478858947753906,1.7152224306369073e-05,0.010506057739257812,0.00019286401415383262,19,{'n_neighbors': 19},0.8212290502793296,0.7808988764044944,0.8033707865168539,0.7865168539325843,0.8314606741573034,0.8046952482581131,0.01943311691621291,4,0.8216292134831461,0.8288920056100981,0.8246844319775596,0.8330995792426368,0.814866760168303,0.8246343980963488,0.0062326062321103395,0.7419354838709676,0.7022900763358779,0.72,0.6724137931034482,0.7692307692307692,0.7211740245082126,0.033093899458866365,5,0.7402862985685071,0.7559999999999999,0.7454175152749491,0.7615230460921844,0.7306122448979592,0.7467678209667199,0.01102529722392053,0.8363636363636363,0.7301587301587301,0.7894736842105263,0.8125,0.819672131147541,0.7976336363760868,0.036949058733912896,25,0.8379629629629629,0.8362831858407079,0.8433179723502304,0.8444444444444444,0.8248847926267281,0.8373786716450148,0.00696905928422749,0.6666666666666666,0.6764705882352942,0.6617647058823529,0.5735294117647058,0.7246376811594203,0.6606138107416879,0.048932908242621094,8,0.663003663003663,0.6897810218978102,0.6678832116788321,0.6934306569343066,0.6556776556776557,0.6739552418384535,0.014970797525464612,0.8578392621870882,0.8233288770053475,0.8444518716577539,0.8642379679144385,0.8955591011833532,0.8570834159895963,0.023795218351992838,10,0.8897218954166561,0.9008238697770313,0.8848161880850639,0.8895257968508388,0.8818056943056943,0.8893386888870569,0.0064697798660655675
10,0.0007184028625488281,0.00023076905604142673,0.011540794372558593,0.000582409568712535,21,{'n_neighbors': 21},0.7988826815642458,0.7752808988764045,0.797752808988764,0.797752808988764,0.8258426966292135,0.7991023790094783,0.016038693510282028,10,0.8230337078651685,0.8302945301542777,0.8190743338008415,0.8302945301542777,0.8176718092566619,0.8240737822462455,0.005375070356867082,0.7049180327868851,0.6923076923076922,0.7142857142857142,0.6949152542372881,0.7559055118110236,0.7124664410857207,0.023072322814941166,13,0.7428571428571428,0.7575150300601202,0.7351129363449692,0.7515400410677617,0.7325102880658436,0.7439070876791675,0.009505415262050562,0.8113207547169812,0.7258064516129032,0.7758620689655172,0.82,0.8275862068965517,0.7921150964383906,0.03759154722624734,28,0.8387096774193549,0.84,0.8403755868544601,0.8591549295774648,0.8356807511737089,0.8427841890049977,0.008350026267152293,0.6231884057971014,0.6617647058823529,0.6617647058823529,0.6029411764705882,0.6956521739130435,0.6490622335890878,0.032526712156162825,14,0.6666666666666666,0.6897810218978102,0.6532846715328468,0.6678832116788321,0.652014652014652,0.6659260447581615,0.013614478488622033,0.8557312252964427,0.816109625668449,0.853475935828877,0.8756016042780749,0.8903071400079776,0.8582451062159642,0.02503471725539913,7,0.884961659449131,0.8956528606820411,0.878660026935803,0.8852235505378847,0.8778263403263404,0.8844648875862401,0.006383726351328649
11,0.0006274223327636719,6.724546889964329e-05,0.011579561233520507,0.0002301997448522795,23,{'n_neighbors': 23},0.7988826815642458,0.797752808988764,0.7921348314606742,0.797752808988764,0.8370786516853933,0.8047203565375683,0.016350086196217677,2,0.8188202247191011,0.8260869565217391,0.820476858345021,0.8246844319775596,0.8190743338008415,0.8218285610728524,0.00299175153283388,0.7142857142857143,0.7230769230769231,0.704,0.6896551724137931,0.7679999999999999,0.719803561955286,0.026543308529854932,8,0.7404426559356136,0.7529880478087649,0.7387755102040816,0.7433264887063655,0.732919254658385,0.7416903914626423,0.0065924209611025,0.7894736842105263,0.7580645161290323,0.7719298245614035,0.8333333333333334,0.8571428571428571,0.8019888430754305,0.037453871977172544,19,0.8214285714285714,0.8289473684210527,0.8379629629629629,0.8497652582159625,0.8428571428571429,0.8361922607771385,0.010022347901343617,0.6521739130434783,0.6911764705882353,0.6470588235294118,0.5882352941176471,0.6956521739130435,0.6548593350383631,0.038703520092365135,11,0.673992673992674,0.6897810218978102,0.6605839416058394,0.6605839416058394,0.6483516483516484,0.6666586454907623,0.014123614718665889,0.8519762845849803,0.8210561497326203,0.857620320855615,0.8704545454545456,0.8918361919957453,0.8585886985247013,0.023235955490229998,6,0.8816157267182323,0.8937116538915585,0.876257419816105,0.8820519428694944,0.8731476856476856,0.8813568857886152,0.007022619425950081
12,0.0006943702697753906,0.00010584470306423851,0.01113877296447754,0.000420501886141506,25,{'n_neighbors': 25},0.8044692737430168,0.8033707865168539,0.8033707865168539,0.797752808988764,0.8314606741573034,0.8080848659845584,0.011922226362605922,1,0.8174157303370787,0.8246844319775596,0.8176718092566619,0.8274894810659187,0.8022440392706872,0.8179010983815813,0.008756510181791497,0.732824427480916,0.7286821705426356,0.72,0.6896551724137931,0.761904761904762,0.7266133064684213,0.02322922532005653,1,0.74,0.7553816046966731,0.7357723577235772,0.7494908350305499,0.7128309572301426,0.7386951509361885,0.014657328552454047,0.7741935483870968,0.7704918032786885,0.7894736842105263,0.8333333333333334,0.8421052631578947,0.8019195264735078,0.030043472935020833,20,0.8149779735682819,0.8143459915611815,0.8302752293577982,0.847926267281106,0.8027522935779816,0.8220555510692698,0.015614110473200108,0.6956521739130435,0.6911764705882353,0.6617647058823529,0.5882352941176471,0.6956521739130435,0.6664961636828645,0.041125208357040303,6,0.6776556776556777,0.7043795620437956,0.6605839416058394,0.6715328467153284,0.6410256410256411,0.6710355338092564,0.020812146876524853,0.8379446640316206,0.818850267379679,0.8610962566844921,0.86798128342246,0.8941630102380003,0.8560070963512505,0.025814863447133112,11,0.879609001476883,0.8909681924746021,0.8736843855477777,0.8763654955688941,0.8680194805194805,0.8777293111175275,0.007632868941519059
13,0.0007092475891113282,0.00018345564646772786,0.012582159042358399,0.000976824452892068,27,{'n_neighbors': 27},0.8044692737430168,0.797752808988764,0.8033707865168539,0.797752808988764,0.8089887640449438,0.8024668884564685,0.004285009455918854,7,0.8174157303370787,0.814866760168303,0.8190743338008415,0.8190743338008415,0.7966339410939691,0.8134130198402068,0.008529636420827104,0.7286821705426356,0.71875,0.72,0.6896551724137931,0.7258064516129032,0.7165787589138665,0.013949491561012347,11,0.7410358565737051,0.7421875,0.7383367139959433,0.7393939393939393,0.7058823529411764,0.7333672725809528,0.013806088951142895,0.7833333333333333,0.7666666666666667,0.7894736842105263,0.8333333333333334,0.8181818181818182,0.7981977671451357,0.024187358765192426,24,0.8122270742358079,0.7983193277310925,0.8310502283105022,0.8280542986425339,0.7909090909090909,0.8121120039658056,0.01582799912726154,0.6811594202898551,0.6764705882352942,0.6617647058823529,0.5882352941176471,0.6521739130434783,0.6519607843137255,0.033497436420866604,13,0.6813186813186813,0.6934306569343066,0.6642335766423357,0.6678832116788321,0.6373626373626373,0.6688457527873586,0.01883282596471783,0.8341238471673255,0.8159090909090909,0.8603609625668449,0.8580213903743316,0.8962903869166334,0.8529411355868453,0.027149523341858647,12,0.8776106202074312,0.8892763912674791,0.8712318973114077,0.8724290441115342,0.8635864135864135,0.8748268732968532,0.008503636728900284
14,0.000766754150390625,0.00030116696684993443,0.011686611175537109,0.0005449616319574138,29,{'n_neighbors': 29},0.770949720670391,0.797752808988764,0.797752808988764,0.7808988764044944,0.8089887640449438,0.7912685958194714,0.01355346576236472,12,0.8047752808988764,0.8134642356241234,0.8190743338008415,0.8106591865357644,0.7966339410939691,0.808921395590715,0.0076799905245248925,0.672,0.71875,0.7142857142857142,0.6666666666666666,0.7258064516129032,0.6995017665130568,0.02496191901908076,14,0.7225548902195609,0.7397260273972603,0.7393939393939393,0.7272727272727272,0.7070707070707071,0.727203658270839,0.012102596592029868,0.75,0.7666666666666667,0.7758620689655172,0.7959183673469388,0.8181818181818182,0.7813257842321881,0.023653149433146656,32,0.793859649122807,0.7974683544303798,0.8280542986425339,0.8144796380090498,0.7882882882882883,0.8044300456986117,0.014695947700928445,0.6086956521739131,0.6764705882352942,0.6617647058823529,0.5735294117647058,0.6521739130434783,0.6345268542199489,0.037948741893976075,15,0.663003663003663,0.6897810218978102,0.6678832116788321,0.656934306569343,0.6410256410256411,0.6637255688350578,0.01586254545818883,0.8287220026350461,0.8187165775401071,0.8525401069518717,0.847927807486631,0.8922350751229888,0.848028313947329,0.025323963587872842,13,0.8741729037856599,0.8871398167700315,0.8641903463412202,0.8703756048085397,0.857488344988345,0.8706734033387592,0.009993535414148595
15,0.0006240367889404297,3.3789759044585864e-05,0.011968469619750977,0.00048094263817701296,31,{'n_neighbors': 31},0.7430167597765364,0.797752808988764,0.8033707865168539,0.7865168539325843,0.7921348314606742,0.7845584081350825,0.02151717473536892,15,0.7991573033707865,0.7994389901823282,0.8134642356241234,0.8064516129032258,0.7952314165497896,0.8027487117260508,0.006463685125009921,0.6229508196721311,0.71875,0.7244094488188977,0.6779661016949153,0.6942148760330579,0.6876582492438004,0.03644537324827333,15,0.7075664621676891,0.717948717948718,0.7302231237322515,0.7272727272727273,0.7056451612903225,0.7177312384823418,0.00996524402280879,0.7169811320754716,0.7666666666666667,0.7796610169491526,0.8,0.8076923076923077,0.7742002246767197,0.03208721657638281,36,0.8009259259259259,0.7811158798283262,0.821917808219178,0.7931034482758621,0.7847533632286996,0.7963632850955984,0.014503458433431536,0.5507246376811594,0.6764705882352942,0.6764705882352942,0.5882352941176471,0.6086956521739131,0.6201193520886615,0.04962588858780692,16,0.6336996336996337,0.6642335766423357,0.656934306569343,0.6715328467153284,0.6410256410256411,0.6534852009304564,0.014141080101570842,0.8204874835309618,0.8199866310160429,0.8484625668449198,0.8490641711229947,0.8932987634623056,0.846259923195445,0.026757699704349134,14,0.8730339516216509,0.8806718986415709,0.8631262158522188,0.8670210997123522,0.8545787545787545,0.8676863840813095,0.008834792082881295
16,0.0006348609924316407,2.3107373217013647e-05,0.01245417594909668,0.00035374326478022406,33,{'n_neighbors': 33},0.7094972067039106,0.8033707865168539,0.797752808988764,0.7752808988764045,0.7921348314606742,0.7756073065093213,0.03436581156160131,21,0.7963483146067416,0.8064516129032258,0.8008415147265077,0.8092566619915849,0.7938288920056101,0.8013453992467341,0.005837535982564,0.5593220338983051,0.7286821705426356,0.7142857142857142,0.6666666666666667,0.6942148760330579,0.6726342922852759,0.06036092720126978,17,0.702258726899384,0.7206477732793521,0.7102040816326531,0.7290836653386454,0.7018255578093306,0.712803960991873,0.010630529958622731,0.673469387755102,0.7704918032786885,0.7758620689655172,0.7692307692307693,0.8076923076923077,0.759349267384477,0.045181580477684384,45,0.7990654205607477,0.8090909090909091,0.8055555555555556,0.8026315789473685,0.7863636363636364,0.8005414201036436,0.007820386265326513,0.4782608695652174,0.6911764705882353,0.6617647058823529,0.5882352941176471,0.6086956521739131,0.6056265984654732,0.0734903710433517,17,0.6263736263736264,0.6496350364963503,0.635036496350365,0.6678832116788321,0.6336996336996337,0.6425256009197615,0.014754139513962351,0.8175889328063242,0.8197860962566845,0.841711229946524,0.84725935828877,0.8933652439835129,0.8439421722563631,0.027337264248361633,15,0.8719534072609243,0.8767146633855977,0.8611392847047868,0.8650300118051976,0.8511696636696637,0.8652014061652341,0.008849458908504285
17,0.0006475448608398438,4.7424326148578324e-05,0.013016176223754884,0.0006178503170681994,35,{'n_neighbors': 35},0.7150837988826816,0.7696629213483146,0.797752808988764,0.7696629213483146,0.7865168539325843,0.7677358609001318,0.02840214650505132,43,0.7907303370786517,0.791023842917251,0.8008415147265077,0.7980364656381487,0.7980364656381487,0.7957337251997416,0.0040966236026336025,0.5714285714285715,0.6611570247933886,0.7142857142857142,0.6554621848739496,0.6833333333333333,0.6571333657429914,0.047575463616893424,19,0.6952965235173824,0.6927835051546393,0.7066115702479339,0.708502024291498,0.708502024291498,0.7023391295005903,0.006857471108547297,0.68,0.7547169811320755,0.7758620689655172,0.7647058823529411,0.803921568627451,0.7558413002155969,0.041338338428527355,46,0.7870370370370371,0.7962085308056872,0.8142857142857143,0.7954545454545454,0.7918552036199095,0.7969682062405787,0.009247002521717314,0.4927536231884058,0.5882352941176471,0.6617647058823529,0.5735294117647058,0.5942028985507246,0.5820971867007673,0.05401262323391826,18,0.6227106227106227,0.6131386861313869,0.6240875912408759,0.6386861313868614,0.6410256410256411,0.6279297344990776,0.010468802665561253,0.8069828722002635,0.8237967914438502,0.8409759358288771,0.84024064171123,0.8837255684084563,0.8391443619185355,0.025541925553269527,16,0.8681694160054068,0.8746487538034352,0.8578055634072128,0.8633839349550239,0.8451215451215451,0.8618258426585248,0.010022892058726592
18,0.0006335735321044922,4.7492741580344555e-05,0.013561677932739259,0.0012144031171780563,37,{'n_neighbors': 37},0.7206703910614525,0.7696629213483146,0.7921348314606742,0.7640449438202247,0.7865168539325843,0.7666059883246501,0.02519582221525009,46,0.7935393258426966,0.7812061711079944,0.7980364656381487,0.7938288920056101,0.7938288920056101,0.792087949320012,0.005691505954004698,0.5833333333333334,0.6611570247933886,0.704,0.65,0.6833333333333333,0.6563647382920111,0.04097190571639761,21,0.6956521739130435,0.6763485477178424,0.7037037037037037,0.7006109979633401,0.703030303030303,0.6958691452656466,0.01016118554743929,0.6862745098039216,0.7547169811320755,0.7719298245614035,0.75,0.803921568627451,0.7533685768249703,0.03850949033976184,47,0.8,0.7836538461538461,0.8066037735849056,0.7926267281105991,0.7837837837837838,0.793333626326627,0.009010379438000654,0.5072463768115942,0.5882352941176471,0.6470588235294118,0.5735294117647058,0.5942028985507246,0.5820545609548168,0.04490051292615953,20,0.6153846153846154,0.5948905109489051,0.6240875912408759,0.6277372262773723,0.6373626373626373,0.6198925162428812,0.01435106059196292,0.8021739130434782,0.8248663101604278,0.8334893048128341,0.8401737967914439,0.8748836590878872,0.8351173967792143,0.0236640291584059,17,0.8668719283753452,0.8716932976406232,0.8534326521789733,0.8600086460602231,0.8438311688311689,0.8591675386172668,0.009849394733304498
19,0.0006612300872802735,0.00010858971469593362,0.012313318252563477,0.0007713043838145896,39,{'n_neighbors': 39},0.7318435754189944,0.7640449438202247,0.7921348314606742,0.7696629213483146,0.7808988764044944,0.7677170296905403,0.020367452253196527,45,0.7851123595505618,0.7755960729312763,0.7784011220196353,0.7938288920056101,0.7952314165497896,0.7856339726113746,0.007907126809206837,0.5932203389830508,0.6557377049180328,0.6942148760330579,0.6554621848739496,0.6722689075630253,0.6541808024742233,0.033615920592927874,23,0.6832298136645962,0.6666666666666667,0.6623931623931625,0.6993865030674846,0.7044534412955467,0.6832259174174914,0.016852209238300497,0.7142857142857143,0.7407407407407407,0.7924528301886793,0.7647058823529411,0.8,0.762437033513615,0.03195731790944063,41,0.7857142857142857,0.7766990291262136,0.7989690721649485,0.7953488372093023,0.7873303167420814,0.7888123081913664,0.0078027128314694955,0.5072463768115942,0.5882352941176471,0.6176470588235294,0.5735294117647058,0.5797101449275363,0.5732736572890026,0.036315134286002,21,0.6043956043956044,0.583941605839416,0.5656934306569343,0.6240875912408759,0.6373626373626373,0.6030961738990935,0.02600915730861816,0.7974308300395256,0.8258689839572192,0.834692513368984,0.8338903743315508,0.8768115942028986,0.8337388591800357,0.02544170132516229,20,0.8654951730122573,0.8668963969206723,0.8487355136923665,0.8586618559100809,0.8423951048951047,0.8564368088860963,0.009517217822301888
20,0.0007699966430664062,0.0001684228128728896,0.012642574310302735,0.0007286509655482022,41,{'n_neighbors': 41},0.7318435754189944,0.7640449438202247,0.797752808988764,0.7471910112359551,0.797752808988764,0.7677170296905405,0.026555611255299122,44,0.7879213483146067,0.7812061711079944,0.7798036465638148,0.7840112201963534,0.7952314165497896,0.7856347605465117,0.005542101912256628,0.5862068965517242,0.65,0.7096774193548386,0.608695652173913,0.6949152542372882,0.6498990444635527,0.047653609896528525,29,0.686070686070686,0.6763485477178424,0.6680761099365751,0.6751054852320675,0.7044534412955467,0.6820108540505435,0.012602181424877668,0.723404255319149,0.75,0.7857142857142857,0.7446808510638298,0.8367346938775511,0.7681068171949631,0.03973602939899568,39,0.7932692307692307,0.7836538461538461,0.7939698492462312,0.8,0.7873303167420814,0.7916446485822778,0.005662580779132576,0.4927536231884058,0.5735294117647058,0.6470588235294118,0.5147058823529411,0.5942028985507246,0.5644501278772378,0.05550988399085169,26,0.6043956043956044,0.5948905109489051,0.5766423357664233,0.583941605839416,0.6373626373626373,0.5994465388625971,0.021181670341925193,0.7968379446640317,0.8266042780748662,0.8355614973262032,0.8264705882352942,0.8746842175242654,0.8320317051649321,0.025022709716506223,22,0.863788830759218,0.8638536488036845,0.8485775568229054,0.8580799095489086,0.8418331668331669,0.8552266225535767,0.008711750331361621
21,0.0006261825561523438,4.223781451120801e-05,0.015472793579101562,0.002711887612926607,43,{'n_neighbors': 43},0.7318435754189944,0.7584269662921348,0.7865168539325843,0.7415730337078652,0.8033707865168539,0.7643462431736865,0.026924083211548187,48,0.7865168539325843,0.7840112201963534,0.782608695652174,0.7769985974754559,0.7741935483870968,0.7808657831287329,0.004568149755979516,0.5932203389830508,0.6446280991735537,0.6935483870967742,0.5964912280701754,0.7008547008547009,0.645748550835651,0.04584378783410727,31,0.6833333333333332,0.6791666666666666,0.6750524109014676,0.66384778012685,0.6610526315789473,0.6724905645214528,0.008651278105862187,0.7142857142857143,0.7358490566037735,0.7678571428571429,0.7391304347826086,0.8541666666666666,0.7622578030391811,0.04901471242357341,42,0.7922705314009661,0.7912621359223301,0.7931034482758621,0.7889447236180904,0.7772277227722773,0.7885617123979053,0.005835769166484979,0.5072463768115942,0.5735294117647058,0.6323529411764706,0.5,0.5942028985507246,0.561466325660699,0.050911738437503996,28,0.6007326007326007,0.5948905109489051,0.5875912408759124,0.572992700729927,0.575091575091575,0.5862597256757841,0.010830226571542095,0.7978260869565217,0.8273395721925133,0.8372326203208557,0.8258689839572193,0.8752160616939236,0.8326966650242067,0.02497897864503001,21,0.8619698448855624,0.860278835442196,0.8484777945895615,0.8545882313818731,0.8383075258075259,0.8527244464213437,0.00862440180401111
22,0.0007060050964355468,0.00013871810069277326,0.01255655288696289,0.001232156249727733,45,{'n_neighbors': 45},0.7318435754189944,0.7640449438202247,0.7808988764044944,0.7640449438202247,0.8033707865168539,0.7688406251961585,0.02346278873011263,42,0.7935393258426966,0.7784011220196353,0.7812061711079944,0.7924263674614306,0.7840112201963534,0.7859168413256221,0.006046222675352883,0.6,0.6440677966101696,0.688,0.631578947368421,0.7008547008547009,0.6529002889666583,0.03704772175366317,26,0.6956521739130435,0.6666666666666667,0.6736401673640167,0.6979591836734693,0.6778242677824269,0.6823484918799245,0.012352366700266683,0.7058823529411765,0.76,0.7543859649122807,0.782608695652174,0.8541666666666666,0.7714087360344595,0.04834864021631505,38,0.8,0.79,0.7892156862745098,0.7916666666666666,0.7902439024390244,0.7922252510760401,0.003967208147814859,0.5217391304347826,0.5588235294117647,0.6323529411764706,0.5294117647058824,0.5942028985507246,0.567306052855925,0.041325083631685466,24,0.6153846153846154,0.5766423357664233,0.5875912408759124,0.6240875912408759,0.5934065934065934,0.5994224753348841,0.017653677014039262,0.7939393939393941,0.8298128342245988,0.839572192513369,0.8294786096256686,0.8772769578513495,0.834015997630876,0.026633702772027045,19,0.8606222934241157,0.8584124503267214,0.8486856325756945,0.8527925111816838,0.8373834498834499,0.8515792674783331,0.008244210411146577
23,0.000694894790649414,9.648922138745254e-05,0.013790416717529296,0.001341265299164921,47,{'n_neighbors': 47},0.7262569832402235,0.7696629213483146,0.797752808988764,0.7865168539325843,0.797752808988764,0.7755884752997301,0.026723222611612585,24,0.7893258426966292,0.7755960729312763,0.7840112201963534,0.7966339410939691,0.7812061711079944,0.7853546496052445,0.007172688285116167,0.5882352941176471,0.6611570247933886,0.7142857142857142,0.6724137931034482,0.689655172413793,0.6651493997427982,0.042424993609462544,18,0.6887966804979253,0.6624472573839663,0.6818181818181819,0.7070707070707072,0.6736401673640169,0.6827545988269594,0.014994117014546686,0.7,0.7547169811320755,0.7758620689655172,0.8125,0.851063829787234,0.7788285759769653,0.05129485402872734,33,0.7942583732057417,0.785,0.7857142857142857,0.7918552036199095,0.7853658536585366,0.7884387432396947,0.0038530654997179174,0.5072463768115942,0.5882352941176471,0.6617647058823529,0.5735294117647058,0.5797101449275363,0.5820971867007673,0.049125021021993974,18,0.608058608058608,0.572992700729927,0.6021897810218978,0.6386861313868614,0.5897435897435898,0.6023341621881768,0.021788527559498536,0.7894598155467721,0.8261363636363637,0.8431818181818181,0.8316844919786096,0.8798696981784337,0.8340664375043995,0.02911817065606563,18,0.8601758909275994,0.857768152569709,0.8500573632841727,0.8504564122175482,0.8379079254079254,0.8512731488813909,0.007774551829459187
24,0.000580453872680664,2.9506781984150805e-05,0.012672901153564453,0.0004721637832541523,49,{'n_neighbors': 49},0.7206703910614525,0.7640449438202247,0.7865168539325843,0.7808988764044944,0.7921348314606742,0.768853179335886,0.0258605481707536,41,0.7851123595505618,0.7868162692847125,0.7812061711079944,0.7854137447405329,0.7812061711079944,0.7839509431583592,0.002313712062127751,0.5901639344262294,0.6557377049180328,0.6935483870967742,0.654867256637168,0.6782608695652174,0.6545156305286844,0.03529915115183888,22,0.6832298136645962,0.6820083682008369,0.6736401673640167,0.6778947368421053,0.6736401673640169,0.6780826506871144,0.004035125090488626,0.6792452830188679,0.7407407407407407,0.7678571428571429,0.8222222222222222,0.8478260869565217,0.771578295159099,0.059780799543341166,37,0.7857142857142857,0.7990196078431373,0.7892156862745098,0.8009950248756219,0.7853658536585366,0.7920620916732183,0.006654931924349257,0.5217391304347826,0.5882352941176471,0.6323529411764706,0.5441176470588235,0.5652173913043478,0.5703324808184143,0.03805717692719393,22,0.6043956043956044,0.5948905109489051,0.5875912408759124,0.5875912408759124,0.5897435897435898,0.5928424373679848,0.0063627550566851925,0.7832674571805005,0.8233957219251336,0.838168449197861,0.8302807486631015,0.8770775162877278,0.8304379786508649,0.030032258798513956,27,0.8576434954567073,0.86095638727699,0.8495543953577308,0.847305588347771,0.8359348984348984,0.8502789529748196,0.008756276272877539
25,0.0006301403045654297,7.446709580937311e-05,0.012902116775512696,0.0008192063016303041,51,{'n_neighbors': 51},0.7039106145251397,0.7640449438202247,0.7752808988764045,0.7696629213483146,0.797752808988764,0.7621304375117696,0.031278872804163464,49,0.7879213483146067,0.7924263674614306,0.7755960729312763,0.7755960729312763,0.7924263674614306,0.7847932458200041,0.007687523599868357,0.5546218487394958,0.65,0.6774193548387097,0.6371681415929203,0.689655172413793,0.6417729035169838,0.04742905536543058,37,0.6834381551362684,0.6864406779661016,0.6624472573839663,0.6666666666666667,0.6916666666666665,0.6781318847639339,0.011470323735288166,0.66,0.75,0.75,0.8,0.851063829787234,0.7622127659574468,0.06335319949237947,43,0.7990196078431373,0.8181818181818182,0.785,0.7766990291262136,0.8019323671497585,0.7961665644601855,0.014350838494324142,0.4782608695652174,0.5735294117647058,0.6176470588235294,0.5294117647058824,0.5797101449275363,0.5557118499573742,0.04779059031957914,30,0.5970695970695971,0.5912408759124088,0.572992700729927,0.583941605839416,0.608058608058608,0.5906606775219914,0.01184400434901451,0.7793807641633729,0.8203208556149733,0.8352941176470589,0.8284759358288769,0.8783406461906661,0.8283624638889895,0.03165360572675952,42,0.8566130149273657,0.8590234940059526,0.8482907404020419,0.8441256671599355,0.8366175491175489,0.8489340931225688,0.00819748704736442
26,0.000689554214477539,0.00012504206911425323,0.01417384147644043,0.001619446587161157,53,{'n_neighbors': 53},0.7039106145251397,0.7696629213483146,0.7921348314606742,0.7528089887640449,0.8089887640449438,0.7655012240286234,0.03625556763069201,47,0.7837078651685393,0.7896213183730715,0.7755960729312763,0.7769985974754559,0.7699859747545582,0.7791819657405801,0.006806699985359576,0.5619834710743802,0.6611570247933886,0.6991869918699187,0.6071428571428571,0.7068965517241379,0.6472733793209364,0.05536700953799795,30,0.6791666666666667,0.6835443037974684,0.6610169491525424,0.673511293634497,0.6569037656903766,0.6708285957883102,0.010281817221115104,0.6538461538461539,0.7547169811320755,0.7818181818181819,0.7727272727272727,0.8723404255319149,0.7670898030111198,0.06971887914410015,40,0.7874396135265701,0.81,0.7878787878787878,0.7699530516431925,0.7658536585365854,0.7842250223170272,0.015679472108783857,0.4927536231884058,0.5882352941176471,0.6323529411764706,0.5,0.5942028985507246,0.5615089514066496,0.055340236216727096,27,0.5970695970695971,0.5912408759124088,0.5693430656934306,0.5985401459854015,0.575091575091575,0.5862570519504826,0.011860647848221103,0.7729249011857707,0.8181818181818182,0.8427807486631016,0.8274064171122995,0.8795372955723973,0.8281662361430776,0.034653833086510544,45,0.8552320875783291,0.8557770646625542,0.846927323213009,0.8434979964418137,0.8347902097902099,0.8472449363371831,0.007821156548050656
27,0.0006893157958984375,9.332074755881443e-05,0.01470041275024414,0.001860442573613519,55,{'n_neighbors': 55},0.7094972067039106,0.7752808988764045,0.8033707865168539,0.7696629213483146,0.8033707865168539,0.7722365199924675,0.03432433011352995,30,0.7879213483146067,0.7784011220196353,0.7840112201963534,0.7798036465638148,0.7713884992987378,0.7803051672786296,0.005570007559080356,0.5737704918032787,0.6666666666666667,0.7107438016528926,0.6371681415929203,0.6956521739130435,0.6568002551257603,0.04857177238114069,20,0.6834381551362684,0.6652542372881356,0.6695278969957081,0.6789366053169735,0.6611226611226612,0.6716559111719494,0.008346124963334036,0.660377358490566,0.7692307692307693,0.8113207547169812,0.8,0.8695652173913043,0.7820988199659241,0.06900209461922385,31,0.7990196078431373,0.7929292929292929,0.8125,0.772093023255814,0.7644230769230769,0.7881930001902642,0.017633471872250943,0.5072463768115942,0.5882352941176471,0.6323529411764706,0.5294117647058824,0.5797101449275363,0.567391304347826,0.044420935924318325,23,0.5970695970695971,0.572992700729927,0.5693430656934306,0.6058394160583942,0.5824175824175825,0.5855324723937863,0.01396082024121695,0.774110671936759,0.8155080213903744,0.8433155080213903,0.8296122994652407,0.8756149448211674,0.8276322891269864,0.03335799879519754,47,0.8542474988944238,0.8565211246529106,0.845480770829523,0.8443626024641272,0.8327172827172827,0.8466658559116536,0.008436583781777291
28,0.0006046295166015625,1.9655294756009016e-05,0.0135101318359375,0.0007146974069252954,57,{'n_neighbors': 57},0.7039106145251397,0.7696629213483146,0.797752808988764,0.7752808988764045,0.8033707865168539,0.7699956060510953,0.03543906344809702,38,0.7893258426966292,0.788218793828892,0.782608695652174,0.7896213183730715,0.7784011220196353,0.7856351545140804,0.004419876764211241,0.5619834710743802,0.6611570247933886,0.7,0.6491228070175439,0.6956521739130435,0.6535830953596713,0.049783704472623376,24,0.6874999999999999,0.6780383795309168,0.6652267818574514,0.6975806451612904,0.6609442060085837,0.6778580025116485,0.01362062797290953,0.6538461538461539,0.7547169811320755,0.8076923076923077,0.8043478260869565,0.8695652173913043,0.7780336972297596,0.07199486220057728,35,0.7971014492753623,0.8153846153846154,0.8148148148148148,0.7792792792792793,0.7979274611398963,0.8009015239787937,0.013372708640542057,0.4927536231884058,0.5882352941176471,0.6176470588235294,0.5441176470588235,0.5797101449275363,0.5644927536231884,0.04285395009009001,25,0.6043956043956044,0.5802919708029197,0.5620437956204379,0.6313868613138686,0.5641025641025641,0.5884441592470789,0.026284881180446276,0.7691699604743083,0.8139705882352941,0.8435828877005347,0.831951871657754,0.8728227629304613,0.8262996141996706,0.034382743174783126,49,0.8543351105993475,0.8557271835458823,0.84611675506709,0.8463786309296177,0.8324425574425574,0.847000047516899,0.008283150790409055
29,0.0007422447204589843,0.0002580189347887291,0.015189170837402344,0.001933429044608468,59,{'n_neighbors': 59},0.6983240223463687,0.7752808988764045,0.8089887640449438,0.7752808988764045,0.797752808988764,0.771125478626577,0.03867099733990368,34,0.7879213483146067,0.7952314165497896,0.7755960729312763,0.7966339410939691,0.7854137447405329,0.788159304726035,0.007579759141726953,0.5573770491803278,0.6610169491525424,0.711864406779661,0.6551724137931034,0.6785714285714286,0.6528004494954127,0.051636143972124855,27,0.6847599164926931,0.688034188034188,0.6506550218340612,0.7034764826175869,0.6695464362850972,0.6792944090527253,0.017923535719586894,0.6415094339622641,0.78,0.84,0.7916666666666666,0.8837209302325582,0.7873794061722977,0.08173310367726416,30,0.7961165048543689,0.8298969072164949,0.8097826086956522,0.8,0.8157894736842105,0.8103170988901454,0.012014165474383002,0.4927536231884058,0.5735294117647058,0.6176470588235294,0.5588235294117647,0.5507246376811594,0.558695652173913,0.04026714139574101,29,0.6007326007326007,0.5875912408759124,0.5437956204379562,0.6277372262773723,0.5677655677655677,0.5855244512178819,0.02854523101713585,0.7696969696969698,0.816644385026738,0.844451871657754,0.8311497326203208,0.8772769578513494,0.8278439833706264,0.03531819672548477,46,0.8547022453628377,0.855939178291738,0.8453311274795072,0.8487562974909798,0.8339785214785215,0.8477414740207168,0.007898268073389883
30,0.0006154060363769531,5.0938038755604445e-05,0.01326436996459961,0.00045594438496337656,61,{'n_neighbors': 61},0.7039106145251397,0.7752808988764045,0.8089887640449438,0.7865168539325843,0.7865168539325843,0.7722427970623313,0.03587835202872738,29,0.7879213483146067,0.7938288920056101,0.7769985974754559,0.7854137447405329,0.7755960729312763,0.7839517310934964,0.006835447942955089,0.5546218487394958,0.6551724137931034,0.711864406779661,0.6666666666666667,0.6666666666666667,0.6509984005291187,0.05196445316943286,28,0.6847599164926931,0.6797385620915033,0.6442953020134229,0.6896551724137931,0.6566523605150215,0.6710202627052868,0.017508322749826014,0.66,0.7916666666666666,0.84,0.8260869565217391,0.8444444444444444,0.7924396135265701,0.06875970501514493,27,0.7961165048543689,0.8432432432432433,0.8323699421965318,0.776255707762557,0.7927461139896373,0.8081463024092675,0.025367190778403055,0.4782608695652174,0.5588235294117647,0.6176470588235294,0.5588235294117647,0.5507246376811594,0.5528559249786872,0.04435781849442749,31,0.6007326007326007,0.5693430656934306,0.5255474452554745,0.6204379562043796,0.5604395604395604,0.5753001256650891,0.03291165964858862,0.7673913043478262,0.8174465240641711,0.8425133689839572,0.8368983957219251,0.8774099188937641,0.8283319024023287,0.03609819512867479,43,0.8517818551987116,0.8550163776333073,0.8435063099612591,0.8480621186172955,0.8351981351981352,0.8467129593217418,0.006918590414121329
31,0.0006086826324462891,5.146595143724483e-05,0.014403247833251953,0.0013818575201233042,63,{'n_neighbors': 63},0.7150837988826816,0.7865168539325843,0.8146067415730337,0.7808988764044944,0.7921348314606742,0.7778482204506936,0.033403953215782614,16,0.7921348314606742,0.7938288920056101,0.7713884992987378,0.7868162692847125,0.7854137447405329,0.7859164473580535,0.007917054318165409,0.5714285714285715,0.6607142857142857,0.7130434782608696,0.6486486486486487,0.672566371681416,0.6532802711467582,0.046303373191828055,25,0.6890756302521008,0.676923076923077,0.6337078651685393,0.6885245901639344,0.6751592356687899,0.6726780796352883,0.02031179615388925,0.68,0.8409090909090909,0.8723404255319149,0.8372093023255814,0.8636363636363636,0.8188190364805902,0.07066828025539307,15,0.8078817733990148,0.850828729281768,0.8245614035087719,0.7850467289719626,0.803030303030303,0.8142697876383641,0.022197267711620543,0.4927536231884058,0.5441176470588235,0.6029411764705882,0.5294117647058824,0.5507246376811594,0.5439897698209718,0.03566035361165103,32,0.6007326007326007,0.5620437956204379,0.5145985401459854,0.6131386861313869,0.5824175824175825,0.5745862410095988,0.03460372884856181,0.7690382081686429,0.8198529411764706,0.8443181818181819,0.832553475935829,0.8791384124451536,0.8289802439088556,0.0358893229281193,38,0.8522824935125617,0.8552408426583311,0.8425336281861563,0.8460169928337461,0.8347277722277722,0.8461603458837134,0.007263793568328959
32,0.0007379055023193359,9.127178895067566e-05,0.014987754821777343,0.0016436076716889307,65,{'n_neighbors': 65},0.7206703910614525,0.7696629213483146,0.8089887640449438,0.7808988764044944,0.7808988764044944,0.77222396585274,0.028866896455940243,32,0.7879213483146067,0.7924263674614306,0.7601683029453016,0.7798036465638148,0.7755960729312763,0.779183147643286,0.011194243743213296,0.5833333333333334,0.6371681415929203,0.711864406779661,0.6355140186915887,0.6548672566371683,0.6445494314069344,0.04128267484677871,32,0.6794055201698515,0.6740088105726872,0.619153674832962,0.6666666666666666,0.6521739130434784,0.6582817170571291,0.021597096409063987,0.6862745098039216,0.8,0.84,0.8717948717948718,0.8409090909090909,0.807795694501577,0.06489634842050683,18,0.8080808080808081,0.85,0.7942857142857143,0.7969543147208121,0.8021390374331551,0.8102919749040979,0.020406765854935154,0.5072463768115942,0.5294117647058824,0.6176470588235294,0.5,0.5362318840579711,0.5381074168797955,0.04197681656813548,33,0.5860805860805861,0.5583941605839416,0.5072992700729927,0.572992700729927,0.5494505494505495,0.5548434533835994,0.026859984882697075,0.7724637681159421,0.8209893048128342,0.8429144385026738,0.8332887700534759,0.879005451402739,0.8297323465775328,0.03455542045147043,29,0.8504593356529576,0.8528340787789102,0.8413572651846433,0.8457509602114959,0.8362262737262738,0.8453255827108561,0.0060242650419502315
33,0.0006655216217041016,0.00012723178824624185,0.01508336067199707,0.0010723660216640817,67,{'n_neighbors': 67},0.7094972067039106,0.7640449438202247,0.8089887640449438,0.7808988764044944,0.7808988764044944,0.7688657334756136,0.0330070072060618,40,0.7851123595505618,0.7868162692847125,0.7685834502103787,0.782608695652174,0.7699859747545582,0.778621349890477,0.0077526507755014545,0.5517241379310345,0.631578947368421,0.7166666666666666,0.6355140186915887,0.6548672566371683,0.6380702054589757,0.05284668114949626,40,0.6723768736616702,0.6666666666666667,0.6308724832214765,0.6709129511677282,0.6387665198237885,0.655919098908266,0.017508444218403692,0.6808510638297872,0.782608695652174,0.8269230769230769,0.8717948717948718,0.8409090909090909,0.8006173598218002,0.06640772575193424,21,0.8092783505154639,0.8351648351648352,0.815028901734104,0.8020304568527918,0.8011049723756906,0.8125215033285771,0.012409067642135289,0.463768115942029,0.5294117647058824,0.6323529411764706,0.5,0.5362318840579711,0.5323529411764706,0.0561681186655137,34,0.575091575091575,0.5547445255474452,0.5145985401459854,0.5766423357664233,0.5311355311355311,0.550442501537392,0.02437237873338711,0.7724637681159421,0.8235294117647058,0.8407754010695188,0.8312834224598931,0.8775428799361786,0.8291189766692476,0.03384224388253711,36,0.8504468196951113,0.852813294980297,0.841373892223534,0.8446327918461002,0.8357267732267732,0.844998714394363,0.0061642785335966855
34,0.0006882190704345703,7.913408233670723e-05,0.014818572998046875,0.0003833730303612648,69,{'n_neighbors': 69},0.7262569832402235,0.7640449438202247,0.797752808988764,0.7865168539325843,0.7865168539325843,0.7722176887828762,0.025456452329770413,33,0.7823033707865169,0.7868162692847125,0.7741935483870968,0.7812061711079944,0.7657784011220197,0.7780595521376681,0.00735342040319564,0.5663716814159292,0.631578947368421,0.6949152542372881,0.6415094339622641,0.6666666666666667,0.6402083967301138,0.04294391907802355,38,0.6695095948827291,0.6666666666666667,0.6382022471910113,0.6637931034482758,0.6313465783664459,0.6539036381110258,0.015871968563935024,0.7272727272727273,0.782608695652174,0.82,0.8947368421052632,0.8444444444444444,0.8138125418949217,0.0565476082453075,16,0.8010204081632653,0.8351648351648352,0.8304093567251462,0.8105263157894737,0.7944444444444444,0.814313072057433,0.015998019905295344,0.463768115942029,0.5294117647058824,0.6029411764705882,0.5,0.5507246376811594,0.5293691389599318,0.0469786002139255,35,0.575091575091575,0.5547445255474452,0.5182481751824818,0.5620437956204379,0.5238095238095238,0.5467875190502928,0.02208922782379907,0.7727272727272728,0.8221925133689839,0.8387032085561498,0.8363636363636364,0.8770775162877278,0.8294128294607541,0.033680654795596246,33,0.8515065041260941,0.8516701860565651,0.8424546497514257,0.8439302994529703,0.8336163836163837,0.8446356046006877,0.006683888794024712
35,0.0007879734039306641,0.00026291950815355056,0.014886426925659179,0.000871105449158033,71,{'n_neighbors': 71},0.7262569832402235,0.7584269662921348,0.8033707865168539,0.7808988764044944,0.7865168539325843,0.7710940932772582,0.026633072625654647,37,0.7865168539325843,0.7798036465638148,0.7798036465638148,0.7812061711079944,0.7643758765778401,0.7783412389492097,0.007407525023339356,0.5663716814159292,0.6194690265486725,0.7058823529411765,0.6285714285714286,0.6666666666666667,0.6373922312287748,0.046884657754174705,42,0.6724137931034483,0.6518847006651884,0.6407322654462243,0.6623376623376624,0.6283185840707965,0.6511374011246641,0.015541263936386593,0.7272727272727273,0.7777777777777778,0.8235294117647058,0.8918918918918919,0.8444444444444444,0.8129832506303094,0.05641510618554805,17,0.8167539267015707,0.8305084745762712,0.8588957055214724,0.8138297872340425,0.7932960893854749,0.8226567966837663,0.02167818471359346,0.463768115942029,0.5147058823529411,0.6176470588235294,0.4852941176470588,0.5507246376811594,0.5264279624893435,0.05416070288496723,38,0.5714285714285714,0.5364963503649635,0.5109489051094891,0.5583941605839416,0.5201465201465202,0.5394829015266971,0.022694341272080473,0.7759552042160738,0.8244652406417113,0.8407754010695189,0.8404411764705884,0.8773434383725569,0.8317960921540898,0.03286905039268882,23,0.8514564402947091,0.8508222070731424,0.8437681858237868,0.8435312505195949,0.8333749583749583,0.8445906084172383,0.006535470803643354
36,0.0006875991821289062,0.00010198107729807559,0.016046524047851562,0.0010089468519673497,73,{'n_neighbors': 73},0.7262569832402235,0.7640449438202247,0.8033707865168539,0.7865168539325843,0.7921348314606742,0.774464879794112,0.02729690484962437,28,0.7893258426966292,0.7868162692847125,0.7798036465638148,0.7812061711079944,0.7643758765778401,0.7803055612461982,0.008701409847980306,0.5585585585585586,0.631578947368421,0.7008547008547009,0.6415094339622641,0.6782608695652174,0.6421525020618324,0.048682488294541255,35,0.6739130434782609,0.6591928251121075,0.639080459770115,0.6608695652173914,0.6266666666666667,0.6519445120489082,0.016847933390685556,0.7380952380952381,0.782608695652174,0.8367346938775511,0.8947368421052632,0.8478260869565217,0.8200003113373496,0.054307340802836446,14,0.8288770053475936,0.8546511627906976,0.8633540372670807,0.8172043010752689,0.7966101694915254,0.8321393351944332,0.024401473983851632,0.4492753623188406,0.5294117647058824,0.6029411764705882,0.5,0.5652173913043478,0.5293691389599318,0.052868711155944347,35,0.5677655677655677,0.5364963503649635,0.5072992700729927,0.5547445255474452,0.5164835164835165,0.536557846046897,0.022643868765228673,0.7709486166007905,0.8237299465240643,0.8407085561497327,0.8433155080213904,0.8754155032575456,0.8308236261107046,0.034285657400482145,26,0.8511435413485527,0.8497248225063597,0.8446785162030495,0.8430864772292702,0.8314477189477189,0.8440162152469902,0.006966450010766311
37,0.000687551498413086,0.00014469547942512828,0.014837169647216797,0.0012335127591106099,75,{'n_neighbors': 75},0.7374301675977654,0.7640449438202247,0.797752808988764,0.7808988764044944,0.797752808988764,0.7755759211600025,0.02280361599972776,26,0.7991573033707865,0.7812061711079944,0.788218793828892,0.7812061711079944,0.7685834502103787,0.7836743779252092,0.010002928424599293,0.5765765765765766,0.6379310344827587,0.6842105263157895,0.6285714285714286,0.689655172413793,0.6433889476720693,0.04128003259421886,33,0.6857142857142857,0.6502242152466368,0.6560364464692483,0.6548672566371682,0.6325167037861916,0.655871781570706,0.017140396157241885,0.7619047619047619,0.7708333333333334,0.8478260869565217,0.8918918918918919,0.851063829787234,0.8247039807747487,0.05017863565495802,13,0.8571428571428571,0.8430232558139535,0.8727272727272727,0.8314606741573034,0.8068181818181818,0.8422344483319136,0.022463665568474466,0.463768115942029,0.5441176470588235,0.5735294117647058,0.4852941176470588,0.5797101449275363,0.5292838874680307,0.04679301326652686,37,0.5714285714285714,0.5291970802919708,0.5255474452554745,0.5401459854014599,0.5201465201465202,0.5372931205047993,0.018280484161666655,0.7721343873517786,0.8241978609625669,0.8385026737967913,0.8450534759358288,0.8763462305544477,0.8312469257202826,0.03412094814583976,24,0.851239497025374,0.8510175747801074,0.8445912242488736,0.8437972831418453,0.8302822177822178,0.8441855593956836,0.00761646506904227
38,0.0007013797760009766,0.00017854666763369688,0.014633989334106446,0.0014708989303485523,77,{'n_neighbors': 77},0.7318435754189944,0.7584269662921348,0.8033707865168539,0.7808988764044944,0.8033707865168539,0.7755821982298663,0.02749562675411879,25,0.800561797752809,0.7840112201963534,0.7854137447405329,0.7784011220196353,0.7713884992987378,0.7839552768016137,0.009661048893818115,0.5714285714285714,0.6324786324786325,0.6788990825688074,0.6285714285714286,0.7008547008547009,0.6424464831804282,0.04489037952984006,34,0.6872246696035242,0.6515837104072398,0.653061224489796,0.6504424778761062,0.6337078651685394,0.655203989509041,0.017480143998884864,0.7441860465116279,0.7551020408163265,0.9024390243902439,0.8918918918918919,0.8541666666666666,0.8295571340553515,0.06728269401013136,12,0.861878453038674,0.8571428571428571,0.8622754491017964,0.8258426966292135,0.8197674418604651,0.8453813795546014,0.0186211133347141,0.463768115942029,0.5441176470588235,0.5441176470588235,0.4852941176470588,0.5942028985507246,0.5263000852514919,0.04655633068952501,39,0.5714285714285714,0.5255474452554745,0.5255474452554745,0.5364963503649635,0.5164835164835165,0.5351006657576001,0.019239495611788768,0.7700922266139657,0.825,0.8401737967914439,0.8431149732620321,0.8765456721180694,0.8309853337571023,0.03478820247367849,25,0.851911186763123,0.8517159104135145,0.8436102289543257,0.8438097534210133,0.8312604062604063,0.8444614971624766,0.007530506161398204
39,0.0007543087005615235,0.00020186237525013207,0.015796899795532227,0.002301522991139081,79,{'n_neighbors': 79},0.7262569832402235,0.7696629213483146,0.8033707865168539,0.7808988764044944,0.8033707865168539,0.7767120708053481,0.028405316253021385,19,0.7949438202247191,0.7854137447405329,0.7868162692847125,0.7784011220196353,0.7671809256661991,0.7825511763871598,0.00931053698521934,0.5585585585585586,0.6434782608695653,0.6788990825688074,0.6285714285714286,0.7008547008547009,0.6420724062846122,0.048929291491706606,36,0.6784140969162996,0.6546275395033859,0.6497695852534563,0.6441441441441441,0.6261261261261262,0.6506162983886824,0.016918521799556982,0.7380952380952381,0.7872340425531915,0.9024390243902439,0.8918918918918919,0.8541666666666666,0.8347653727194464,0.06296652254282865,8,0.850828729281768,0.8579881656804734,0.88125,0.8411764705882353,0.8128654970760234,0.8488217725253001,0.022320147678461116,0.4492753623188406,0.5441176470588235,0.5441176470588235,0.4852941176470588,0.5942028985507246,0.5234015345268542,0.05063203020219048,40,0.5641025641025641,0.5291970802919708,0.5145985401459854,0.5218978102189781,0.5091575091575091,0.5277907007834015,0.01937258068862565,0.7666007905138341,0.8267379679144387,0.839639037433155,0.8403743315508021,0.8752160616939236,0.8297136378212306,0.03542519056598926,30,0.8521698498919457,0.8509593801439902,0.8422260279666794,0.8446120080474868,0.8327339327339328,0.8445402397568069,0.00698807450647255
40,0.0007157802581787109,0.00015424398902457923,0.015617895126342773,0.0011561513290630448,81,{'n_neighbors': 81},0.7150837988826816,0.7696629213483146,0.8033707865168539,0.7808988764044944,0.8089887640449438,0.7756010294394576,0.03350093650826202,23,0.7949438202247191,0.788218793828892,0.7840112201963534,0.7854137447405329,0.7657784011220197,0.7836731960225034,0.009706254520023007,0.5321100917431193,0.6434782608695653,0.6788990825688074,0.6285714285714286,0.7068965517241379,0.6379910830954116,0.05958364099126587,41,0.6784140969162996,0.6575963718820861,0.6435185185185185,0.6514806378132119,0.6213151927437642,0.6504649635747761,0.018606476676504714,0.725,0.7872340425531915,0.9024390243902439,0.8918918918918919,0.8723404255319149,0.8357810768734485,0.06864044440131525,6,0.850828729281768,0.8682634730538922,0.879746835443038,0.8666666666666667,0.8154761904761905,0.856196378984311,0.02234641402245957,0.42028985507246375,0.5441176470588235,0.5441176470588235,0.4852941176470588,0.5942028985507246,0.5176044330775789,0.05964446247490972,41,0.5641025641025641,0.5291970802919708,0.5072992700729927,0.5218978102189781,0.5018315018315018,0.5248656453036016,0.021937431368417745,0.7632411067193676,0.8273395721925133,0.8389705882352941,0.8426470588235295,0.8760803084696184,0.8296557268880645,0.03695145319774013,31,0.8510767895733726,0.850764012437025,0.840771162063748,0.8441422941988261,0.8319305694305695,0.8437369655407082,0.00709371095560078
41,0.0006274223327636719,4.684244960698367e-05,0.015066194534301757,0.0012373035450437917,83,{'n_neighbors': 83},0.7094972067039106,0.7696629213483146,0.8033707865168539,0.7865168539325843,0.8146067415730337,0.7767309020149394,0.03690624245116358,18,0.7949438202247191,0.7840112201963534,0.782608695652174,0.7840112201963534,0.7629733520336606,0.781709661660652,0.01036913551692516,0.5185185185185185,0.6434782608695653,0.6788990825688074,0.6346153846153846,0.7079646017699115,0.6366951696684374,0.06461665253676949,43,0.6798245614035088,0.6484018264840182,0.6370023419203747,0.6484018264840182,0.6150341685649203,0.645732944971368,0.020952911351410926,0.717948717948718,0.7872340425531915,0.9024390243902439,0.9166666666666666,0.9090909090909091,0.8466758721299458,0.08000986018704767,2,0.8469945355191257,0.8658536585365854,0.8888888888888888,0.8658536585365854,0.8132530120481928,0.8561687507058757,0.025235408341936893,0.4057971014492754,0.5441176470588235,0.5441176470588235,0.4852941176470588,0.5797101449275363,0.5118073316283035,0.061057062554000494,44,0.5677655677655677,0.5182481751824818,0.49635036496350365,0.5182481751824818,0.4945054945054945,0.519023555519906,0.026427996795084202,0.7604084321475627,0.8277406417112301,0.8407754010695188,0.8414438502673797,0.877609360457386,0.8295955371306155,0.03836924613616058,32,0.8507305147396265,0.8499617578105516,0.8391708095705236,0.843801439901568,0.8310064935064935,0.8429342031057526,0.0073123797366753
42,0.0007642745971679687,0.0001846593744900844,0.016643619537353514,0.0020509985925411343,85,{'n_neighbors': 85},0.7094972067039106,0.7865168539325843,0.797752808988764,0.7752808988764045,0.8089887640449438,0.7756073065093213,0.03491250506759487,21,0.7893258426966292,0.7896213183730715,0.7840112201963534,0.7854137447405329,0.7671809256661991,0.7831106103345572,0.008256982648955951,0.5185185185185185,0.6666666666666667,0.6666666666666667,0.6226415094339622,0.6964285714285715,0.6341843865428771,0.06244416167096015,45,0.6666666666666667,0.6527777777777777,0.6401869158878505,0.6482758620689655,0.6192660550458715,0.6454346554894264,0.01565328475752055,0.717948717948718,0.8260869565217391,0.9,0.868421052631579,0.9069767441860465,0.8438866942576165,0.06914939878607583,3,0.847457627118644,0.8924050632911392,0.8896103896103896,0.8757763975155279,0.8282208588957055,0.8666940672862813,0.024975709243203057,0.4057971014492754,0.5588235294117647,0.5294117647058824,0.4852941176470588,0.5652173913043478,0.5089087809036659,0.05877445844804426,45,0.5494505494505495,0.5145985401459854,0.5,0.5145985401459854,0.4945054945054945,0.514630624849603,0.019138992987768128,0.7567193675889328,0.8302807486631016,0.8412433155080214,0.8387700534759358,0.8770110357665204,0.8288049042005025,0.0394369169737003,40,0.8484317504818643,0.8489724489965582,0.8379736627703973,0.842953460918145,0.829458041958042,0.8415578730250013,0.007258460838161354
43,0.0007545948028564453,0.00020902449310029972,0.016019582748413086,0.0022908998948429266,87,{'n_neighbors': 87},0.7150837988826816,0.7808988764044944,0.7865168539325843,0.7752808988764045,0.8033707865168539,0.7722302429226038,0.030079921822024944,31,0.7893258426966292,0.7868162692847125,0.782608695652174,0.7868162692847125,0.7727910238429172,0.783671620152229,0.0058526071703726805,0.5321100917431193,0.654867256637168,0.6481481481481481,0.6226415094339622,0.6902654867256637,0.6296064985376123,0.05332067503153638,47,0.663677130044843,0.6465116279069767,0.640371229698376,0.6465116279069767,0.6284403669724771,0.6451023965059298,0.01139297818710778,0.725,0.8222222222222222,0.875,0.868421052631579,0.8863636363636364,0.8354013822434876,0.05935933956153822,7,0.8554913294797688,0.8910256410256411,0.8789808917197452,0.8910256410256411,0.8404907975460123,0.8714028601593619,0.020180515572013856,0.42028985507246375,0.5441176470588235,0.5147058823529411,0.4852941176470588,0.5652173913043478,0.5059249786871269,0.050616956060716874,47,0.5421245421245421,0.5072992700729927,0.5036496350364964,0.5072992700729927,0.5018315018315018,0.512440843827705,0.01499224463201535,0.7575757575757577,0.8296791443850268,0.8411096256684493,0.8358957219251336,0.8768115942028986,0.8282143687514532,0.0389331224424668,44,0.8471134029220591,0.8481577240909166,0.8368638079244467,0.8426126066208869,0.830952380952381,0.841139984502138,0.0064679512161210425
44,0.0005780220031738281,1.9460331417301958e-05,0.014583206176757813,0.00036758938901935973,89,{'n_neighbors': 89},0.7206703910614525,0.7808988764044944,0.7865168539325843,0.7808988764044944,0.8033707865168539,0.7744711568639759,0.028133399971789003,27,0.7893258426966292,0.7854137447405329,0.7769985974754559,0.7868162692847125,0.7671809256661991,0.7811470759727059,0.008117877413877246,0.5454545454545455,0.654867256637168,0.6481481481481481,0.6285714285714286,0.6902654867256637,0.6334613731073908,0.04831093831800052,46,0.6651785714285714,0.6416861826697893,0.6327944572748267,0.6497695852534563,0.6244343891402715,0.6427726371533831,0.014057161667159665,0.7317073170731707,0.8222222222222222,0.875,0.8918918918918919,0.8863636363636364,0.8414370135101843,0.060167075282157215,4,0.8514285714285714,0.8954248366013072,0.8616352201257862,0.88125,0.8165680473372781,0.8612613350985885,0.027059211229400075,0.43478260869565216,0.5441176470588235,0.5147058823529411,0.4852941176470588,0.5652173913043478,0.5088235294117647,0.04581754169366023,46,0.5457875457875457,0.5,0.5,0.5145985401459854,0.5054945054945055,0.5131761182856073,0.017156665462076934,0.7565876152832675,0.829211229946524,0.8422459893048129,0.8365641711229949,0.8806009839117139,0.8290419979138626,0.04034581444816469,37,0.8456615518118935,0.8482242322464791,0.8367972997688842,0.8419350547860932,0.8307567432567433,0.8406749763740187,0.006274595133595423
45,0.0006493091583251953,9.091492852936993e-05,0.016315984725952148,0.0013013126682783751,91,{'n_neighbors': 91},0.7206703910614525,0.7865168539325843,0.797752808988764,0.7808988764044944,0.8033707865168539,0.7778419433808298,0.02966934346533591,17,0.7935393258426966,0.7769985974754559,0.7798036465638148,0.7840112201963534,0.7699859747545582,0.7808677529665757,0.0078098134303698575,0.5454545454545455,0.6666666666666667,0.6666666666666667,0.6285714285714286,0.6902654867256637,0.6395249588169942,0.051023853789118875,39,0.6726057906458798,0.6327944572748267,0.639080459770115,0.6435185185185185,0.6289592760180995,0.6433917004454879,0.015444496643734757,0.7317073170731707,0.8260869565217391,0.9,0.8918918918918919,0.8863636363636364,0.8472099603700876,0.06340869898145977,1,0.8579545454545454,0.8616352201257862,0.8633540372670807,0.879746835443038,0.8224852071005917,0.8570351690782083,0.018822611293187363,0.43478260869565216,0.5588235294117647,0.5294117647058824,0.4852941176470588,0.5652173913043478,0.5147058823529411,0.048922027491806984,42,0.5531135531135531,0.5,0.5072992700729927,0.5072992700729927,0.5091575091575091,0.5153739204834096,0.019129459116044408,0.7546113306982873,0.8287433155080215,0.8452540106951871,0.8379679144385026,0.8798032176572264,0.8292759577994449,0.041131356703263976,34,0.8461747060835899,0.8469938313685716,0.8368388673661107,0.8418186655138586,0.8309149184149184,0.8405481977494098,0.006022907599430308
46,0.0006824016571044921,7.729343539127683e-05,0.018000221252441405,0.0011322766116299496,93,{'n_neighbors': 93},0.7094972067039106,0.7921348314606742,0.7921348314606742,0.7696629213483146,0.7865168539325843,0.7699893289812315,0.031347756030404364,39,0.7907303370786517,0.7741935483870968,0.7812061711079944,0.7840112201963534,0.7643758765778401,0.7789034306695873,0.008994450084232431,0.5185185185185185,0.672566371681416,0.6605504587155964,0.616822429906542,0.6545454545454545,0.6246006466735056,0.05622047642958756,50,0.6681514476614699,0.6298850574712643,0.6422018348623855,0.6451612903225806,0.6181818181818182,0.6407162896999037,0.01673183053662442,0.717948717948718,0.8444444444444444,0.8780487804878049,0.8461538461538461,0.8780487804878049,0.8329289139045237,0.05932884030492538,11,0.8522727272727273,0.8509316770186336,0.8641975308641975,0.875,0.8143712574850299,0.8513546385281175,0.02045891130755408,0.4057971014492754,0.5588235294117647,0.5294117647058824,0.4852941176470588,0.5217391304347826,0.5002131287297529,0.05270307630393289,50,0.5494505494505495,0.5,0.5109489051094891,0.5109489051094891,0.4981684981684982,0.5139033715676051,0.018557745452391403,0.755467720685112,0.8275401069518717,0.845120320855615,0.8372326203208555,0.8792713734875681,0.8289264284602045,0.04065452520755651,39,0.8468839436948775,0.8446120080474868,0.8356749746437657,0.8418477628319174,0.8287920412920413,0.8395621461020177,0.006564131763741915
47,0.0005793571472167969,3.4071341329267056e-05,0.014829015731811524,0.000253698233413191,95,{'n_neighbors': 95},0.7094972067039106,0.7921348314606742,0.7921348314606742,0.7752808988764045,0.7865168539325843,0.7711129244868495,0.031416527104122176,35,0.7865168539325843,0.7755960729312763,0.7784011220196353,0.7840112201963534,0.7643758765778401,0.7777802291315379,0.0077457933903961685,0.5185185185185185,0.672566371681416,0.6605504587155964,0.6296296296296295,0.6545454545454545,0.627162086618123,0.05609936718074234,49,0.6591928251121076,0.631336405529954,0.6392694063926941,0.6451612903225806,0.6129032258064516,0.6375726306327576,0.015332120865747033,0.717948717948718,0.8444444444444444,0.8780487804878049,0.85,0.8780487804878049,0.8336981446737545,0.059519947962401704,10,0.8497109826589595,0.85625,0.8536585365853658,0.875,0.8260869565217391,0.8521412951532129,0.015661665586374978,0.4057971014492754,0.5588235294117647,0.5294117647058824,0.5,0.5217391304347826,0.5031543052003411,0.05219633549686232,48,0.5384615384615384,0.5,0.5109489051094891,0.5109489051094891,0.48717948717948717,0.5095077671720007,0.016919954805008495,0.7555994729907773,0.8267379679144384,0.8435160427807485,0.8377673796791444,0.8794043345299827,0.8286050395790182,0.0405466486150908,41,0.8484317504818643,0.8446494188849908,0.8358828126298988,0.8409665297707132,0.8283300033300033,0.839652103019494,0.007016845224561124
48,0.0006568431854248047,0.00012633980252854844,0.015709829330444337,0.0008175199375548919,97,{'n_neighbors': 97},0.7094972067039106,0.7921348314606742,0.7921348314606742,0.7696629213483146,0.7921348314606742,0.7711129244868495,0.03201362492894847,35,0.7879213483146067,0.7769985974754559,0.7769985974754559,0.7812061711079944,0.7685834502103787,0.7783416329167784,0.006305650549738692,0.5185185185185185,0.672566371681416,0.6605504587155964,0.6238532110091743,0.6605504587155964,0.6272078037280603,0.056754698451644756,48,0.6606741573033706,0.6327944572748267,0.6378132118451025,0.6405529953917051,0.6189376443418014,0.6381544932313614,0.01349830968835321,0.717948717948718,0.8444444444444444,0.8780487804878049,0.8292682926829268,0.9,0.8339420471127788,0.0630803516309332,9,0.8546511627906976,0.8616352201257862,0.8484848484848485,0.86875,0.8375,0.8542042462802664,0.010758637579817102,0.4057971014492754,0.5588235294117647,0.5294117647058824,0.5,0.5217391304347826,0.5031543052003411,0.05219633549686232,48,0.5384615384615384,0.5,0.5109489051094891,0.5072992700729927,0.4908424908424908,0.5095104408973021,0.01602538830224064,0.7551383399209487,0.8240641711229947,0.8445855614973261,0.8360962566844921,0.8780747241058371,0.8275918106663198,0.04042669262386451,48,0.8485360501305833,0.8443002510682872,0.83836855494405,0.8419142709874798,0.8278471528471527,0.8401932559955106,0.007002675374279343
49,0.0006075859069824219,6.554258132927477e-05,0.015101814270019531,0.0007963139225515667,99,{'n_neighbors': 99},0.7094972067039106,0.7921348314606742,0.797752808988764,0.7752808988764045,0.8033707865168539,0.7756073065093214,0.0343658115616013,20,0.7865168539325843,0.7798036465638148,0.7798036465638148,0.7798036465638148,0.7685834502103787,0.7789022487668815,0.005777497199379361,0.5185185185185185,0.672566371681416,0.6727272727272727,0.6296296296296295,0.6846846846846846,0.6356252954483044,0.06147840062169503,44,0.6576576576576576,0.639080459770115,0.639080459770115,0.639080459770115,0.6224256292906178,0.6394649332517239,0.01115129194634776,0.717948717948718,0.8444444444444444,0.8809523809523809,0.85,0.9047619047619048,0.8396214896214896,0.06463242839365872,5,0.8538011695906432,0.8633540372670807,0.8633540372670807,0.8633540372670807,0.8292682926829268,0.8546263148149624,0.013207797459786055,0.4057971014492754,0.5588235294117647,0.5441176470588235,0.5,0.5507246376811594,0.5118925831202047,0.05682707399004774,43,0.5347985347985348,0.5072992700729927,0.5072992700729927,0.5072992700729927,0.4981684981684982,0.5109729686372022,0.012426586420364805,0.7579710144927536,0.823596256684492,0.8459893048128343,0.8391711229946524,0.8792048929663607,0.8291865183902187,0.03996689324232882,35,0.8481146795497593,0.8432319638195633,0.8388756796302147,0.8420306602597143,0.8261738261738261,0.8396853618866155,0.007380371110860909
